file_name,slot,spk_id,year,month,day,time,speaker_name
21052501-001,21052501,001,2021,May,25,1200,RK Gorani
21050802-001,21050802,001,2021,May,08,1930,RK Gorani
21071400-001,21071400,001,2021,Jul,14,0730,RK Gorani
21051902-001,21051902,001,2021,May,19,1930,RK Gorani
21011801-001,21011801,001,2021,Jan,18,1200,RK Gorani
21090102-001,21090102,001,2021,Sep,01,1930,RK Gorani
21070401-001,21070401,001,2021,Jul,04,1200,RK Gorani
21120602-001,21120602,001,2021,Dec,06,1930,RK Gorani
21091102-001,21091102,001,2021,Sep,11,1930,RK Gorani
21032302-001,21032302,001,2021,Mar,23,1930,RK Gorani
21121502-001,21121502,001,2021,Dec,15,1930,RK Gorani
21103101-001,21103101,001,2021,Oct,31,1200,RK Gorani
20121302-001,20121302,001,2020,Dec,13,1930,RK Gorani
21081202-001,21081202,001,2021,Aug,12,1930,RK Gorani
21052402-001,21052402,001,2021,May,24,1930,RK Gorani
21091300-001,21091300,001,2021,Sep,13,0730,RK Gorani
21071302-001,21071302,001,2021,Jul,13,1930,RK Gorani
21072100-001,21072100,001,2021,Jul,21,0730,RK Gorani
21042402-001,21042402,001,2021,Apr,24,1930,RK Gorani
21072602-001,21072602,001,2021,Jul,26,1930,RK Gorani
21030202-001,21030202,001,2021,Mar,02,1930,RK Gorani
21082802-001,21082802,001,2021,Aug,28,1930,RK Gorani
21012002-001,21012002,001,2021,Jan,20,1930,RK Gorani
21031800-001,21031800,001,2021,Mar,18,0730,RK Gorani
21070902-001,21070902,001,2021,Jul,09,1930,RK Gorani
21031302-001,21031302,001,2021,Mar,13,1930,RK Gorani
21071901-001,21071901,001,2021,Jul,19,1200,RK Gorani
21072801-001,21072801,001,2021,Jul,28,1200,RK Gorani
20121402-001,20121402,001,2020,Dec,14,1930,RK Gorani
20111202-001,20111202,001,2020,Nov,12,1930,RK Gorani
21012602-001,21012602,001,2021,Jan,26,1930,RK Gorani
21070700-001,21070700,001,2021,Jul,07,0730,RK Gorani
21071401-001,21071401,001,2021,Jul,14,1200,RK Gorani
21122301-001,21122301,001,2021,Dec,23,1200,RK Gorani
20120701-001,20120701,001,2020,Dec,07,1200,RK Gorani
21080202-001,21080202,001,2021,Aug,02,1930,RK Gorani
21092900-001,21092900,001,2021,Sep,29,0730,RK Gorani
21031002-001,21031002,001,2021,Mar,10,1930,RK Gorani
21101100-001,21101100,001,2021,Oct,11,0730,RK Gorani
21123101-001,21123101,001,2021,Dec,31,1200,RK Gorani
20122302-001,20122302,001,2020,Dec,23,1930,RK Gorani
21013102-001,21013102,001,2021,Jan,31,1930,RK Gorani
21092002-001,21092002,001,2021,Sep,20,1930,RK Gorani
21100101-001,21100101,001,2021,Oct,01,1200,RK Gorani
20112900-001,20112900,001,2020,Nov,29,0730,RK Gorani
20111301-001,20111301,001,2020,Nov,13,1200,RK Gorani
21102701-001,21102701,001,2021,Oct,27,1200,RK Gorani
21090802-001,21090802,001,2021,Sep,08,1930,RK Gorani
21072800-001,21072800,001,2021,Jul,28,0730,RK Gorani
21032602-001,21032602,001,2021,Mar,26,1930,RK Gorani
21043002-001,21043002,001,2021,Apr,30,1930,RK Gorani
21012502-001,21012502,001,2021,Jan,25,1930,RK Gorani
21090402-001,21090402,001,2021,Sep,04,1930,RK Gorani
21011000-001,21011000,001,2021,Jan,10,0730,RK Gorani
21012902-001,21012902,001,2021,Jan,29,1930,RK Gorani
21053102-001,21053102,001,2021,May,31,1930,RK Gorani
21051301-001,21051301,001,2021,May,13,1200,RK Gorani
21102302-001,21102302,001,2021,Oct,23,1930,RK Gorani
21082402-001,21082402,001,2021,Aug,24,1930,RK Gorani
21102700-001,21102700,001,2021,Oct,27,0730,RK Gorani
20121802-001,20121802,001,2020,Dec,18,1930,RK Gorani
21122300-001,21122300,001,2021,Dec,23,0730,RK Gorani
21010402-001,21010402,001,2021,Jan,04,1930,RK Gorani
20110900-001,20110900,001,2020,Nov,09,0730,RK Gorani
21042900-001,21042900,001,2021,Apr,29,0730,RK Gorani
21030502-001,21030502,001,2021,Mar,05,1930,RK Gorani
21070701-001,21070701,001,2021,Jul,07,1200,RK Gorani
21040902-001,21040902,001,2021,Apr,09,1930,RK Gorani
21011102-001,21011102,001,2021,Jan,11,1930,RK Gorani
21092702-001,21092702,001,2021,Sep,27,1930,RK Gorani
21080902-001,21080902,001,2021,Aug,09,1930,RK Gorani
21093002-001,21093002,001,2021,Sep,30,1930,RK Gorani
21011700-001,21011700,001,2021,Jan,17,0730,RK Gorani
21122602-001,21122602,001,2021,Dec,26,1930,RK Gorani
21080702-001,21080702,001,2021,Aug,07,1930,RK Gorani
20123102-001,20123102,001,2020,Dec,31,1930,RK Gorani
21091402-001,21091402,001,2021,Sep,14,1930,RK Gorani
20121002-001,20121002,001,2020,Dec,10,1930,RK Gorani
21072202-001,21072202,001,2021,Jul,22,1930,RK Gorani
20120602-001,20120602,001,2020,Dec,06,1930,RK Gorani
21082602-001,21082602,001,2021,Aug,26,1930,RK Gorani
21040200-001,21040200,001,2021,Apr,02,0730,RK Gorani
21041100-001,21041100,001,2021,Apr,11,0730,RK Gorani
21080502-001,21080502,001,2021,Aug,05,1930,RK Gorani
21122701-001,21122701,001,2021,Dec,27,1200,RK Gorani
20122802-001,20122802,001,2020,Dec,28,1930,RK Gorani
21012800-001,21012800,001,2021,Jan,28,0730,RK Gorani
21042202-001,21042202,001,2021,Apr,22,1930,RK Gorani
20122602-001,20122602,001,2020,Dec,26,1930,RK Gorani
21040302-001,21040302,001,2021,Apr,03,1930,RK Gorani
21071900-001,21071900,001,2021,Jul,19,0730,RK Gorani
21072101-001,21072101,001,2021,Jul,21,1200,RK Gorani
21030700-001,21030700,001,2021,Mar,07,0730,RK Gorani
21100602-001,21100602,001,2021,Oct,06,1930,RK Gorani
21102002-001,21102002,001,2021,Oct,20,1930,RK Gorani
21051602-001,21051602,001,2021,May,16,1930,RK Gorani
20120902-001,20120902,001,2020,Dec,09,1930,RK Gorani
21121802-001,21121802,001,2021,Dec,18,1930,RK Gorani
21092302-001,21092302,001,2021,Sep,23,1930,RK Gorani
21101202-001,21101202,001,2021,Oct,12,1930,RK Gorani
21071702-001,21071702,001,2021,Jul,17,1930,RK Gorani
21103001-001,21103001,001,2021,Oct,30,1200,RK Gorani
20111900-001,20111900,001,2020,Nov,19,0730,RK Gorani
21073002-001,21073002,001,2021,Jul,30,1930,RK Gorani
21051100-001,21051100,001,2021,May,11,0730,RK Gorani
21082002-001,21082002,001,2021,Aug,20,1930,RK Gorani
21110402-001,21110402,001,2021,Nov,04,1930,RK Gorani
21103000-001,21103000,001,2021,Oct,30,0730,RK Gorani
21041802-001,21041802,001,2021,Apr,18,1930,RK Gorani
21050402-001,21050402,001,2021,May,04,1930,RK Gorani
21120102-001,21120102,001,2021,Dec,01,1930,RK Gorani
21070801-001,21070801,001,2021,Jul,08,1200,RK Gorani
21092901-001,21092901,001,2021,Sep,29,1200,RK Gorani
21102902-001,21102902,001,2021,Oct,29,1930,RK Gorani
21052600-001,21052600,001,2021,May,26,0730,RK Gorani
21031602-001,21031602,001,2021,Mar,16,1930,RK Gorani
21081302-001,21081302,001,2021,Aug,13,1930,RK Gorani
21030801-001,21030801,001,2021,Mar,08,1200,RK Gorani
21032902-001,21032902,001,2021,Mar,29,1930,RK Gorani
21050600-001,21050600,001,2021,May,06,0730,RK Gorani
21122802-001,21122802,001,2021,Dec,28,1930,RK Gorani
21011302-001,21011302,001,2021,Jan,13,1930,RK Gorani
21081102-001,21081102,001,2021,Aug,11,1930,RK Gorani
21031501-001,21031501,001,2021,Mar,15,1200,RK Gorani
21070400-001,21070400,001,2021,Jul,04,0730,RK Gorani
21101101-001,21101101,001,2021,Oct,11,1200,RK Gorani
20122000-001,20122000,001,2020,Dec,20,0730,RK Gorani
21122700-001,21122700,001,2021,Dec,27,0730,RK Gorani
21042000-001,21042000,001,2021,Apr,20,0730,RK Gorani
20112202-001,20112202,001,2020,Nov,22,1930,RK Gorani
21070502-001,21070502,001,2021,Jul,05,1930,RK Gorani
21081002-001,21081002,001,2021,Aug,10,1930,RK Gorani
20113002-001,20113002,001,2020,Nov,30,1930,RK Gorani
21081900-001,21081900,001,2021,Aug,19,0730,RK Gorani
21032500-001,21032500,001,2021,Mar,25,0730,RK Gorani
21051202-001,21051202,001,2021,May,12,1930,RK Gorani
21100100-001,21100100,001,2021,Oct,01,0730,RK Gorani
21081702-001,21081702,001,2021,Aug,17,1930,RK Gorani
21080400-002,21080400,002,2021,Aug,04,0730,Maibam Dwijamani
21101902-002,21101902,002,2021,Oct,19,1930,Maibam Dwijamani
21092200-002,21092200,002,2021,Sep,22,0730,Maibam Dwijamani
21032402-002,21032402,002,2021,Mar,24,1930,Maibam Dwijamani
21081601-002,21081601,002,2021,Aug,16,1200,Maibam Dwijamani
21091800-002,21091800,002,2021,Sep,18,0730,Maibam Dwijamani
21072300-002,21072300,002,2021,Jul,23,0730,Maibam Dwijamani
20120702-002,20120702,002,2020,Dec,07,1930,Maibam Dwijamani
21070101-002,21070101,002,2021,Jul,01,1200,Maibam Dwijamani
20112300-002,20112300,002,2020,Nov,23,0730,Maibam Dwijamani
21072901-002,21072901,002,2021,Jul,29,1200,Maibam Dwijamani
21080601-002,21080601,002,2021,Aug,06,1200,Maibam Dwijamani
21070802-002,21070802,002,2021,Jul,08,1930,Maibam Dwijamani
21093001-002,21093001,002,2021,Sep,30,1200,Maibam Dwijamani
21081701-002,21081701,002,2021,Aug,17,1200,Maibam Dwijamani
21072201-002,21072201,002,2021,Jul,22,1200,Maibam Dwijamani
21052900-002,21052900,002,2021,May,29,0730,Maibam Dwijamani
21081502-002,21081502,002,2021,Aug,15,1930,Maibam Dwijamani
21040900-002,21040900,002,2021,Apr,09,0730,Maibam Dwijamani
21071102-002,21071102,002,2021,Jul,11,1930,Maibam Dwijamani
21010500-002,21010500,002,2021,Jan,05,0730,Maibam Dwijamani
21072900-002,21072900,002,2021,Jul,29,0730,Maibam Dwijamani
21041201-002,21041201,002,2021,Apr,12,1200,Maibam Dwijamani
21100202-002,21100202,002,2021,Oct,02,1930,Maibam Dwijamani
20012800-002,20012800,002,2020,Jan,28,0730,Maibam Dwijamani
21090502-002,21090502,002,2021,Sep,05,1930,Maibam Dwijamani
21071700-002,21071700,002,2021,Jul,17,0730,Maibam Dwijamani
20121500-002,20121500,002,2020,Dec,15,0730,Maibam Dwijamani
21051800-002,21051800,002,2021,May,18,0730,Maibam Dwijamani
21041602-002,21041602,002,2021,Apr,16,1930,Maibam Dwijamani
20112002-002,20112002,002,2020,Nov,20,1930,Maibam Dwijamani
21092201-002,21092201,002,2021,Sep,22,1200,Maibam Dwijamani
21080102-002,21080102,002,2021,Aug,01,1930,Maibam Dwijamani
20122400-002,20122400,002,2020,Dec,24,0730,Maibam Dwijamani
21080401-002,21080401,002,2021,Aug,04,1200,Maibam Dwijamani
21032301-002,21032301,002,2021,Mar,23,1200,Maibam Dwijamani
21091801-002,21091801,002,2021,Sep,18,1200,Maibam Dwijamani
21031600-002,21031600,002,2021,Mar,16,0730,Maibam Dwijamani
21091202-002,21091202,002,2021,Sep,12,1930,Maibam Dwijamani
21030900-002,21030900,002,2021,Mar,09,0730,Maibam Dwijamani
21041401-002,21041401,002,2021,Apr,14,1200,Maibam Dwijamani
21093000-002,21093000,002,2021,Sep,30,0730,Maibam Dwijamani
21012302-002,21012302,002,2021,Jan,23,1930,Maibam Dwijamani
21051302-002,21051302,002,2021,May,13,1930,Maibam Dwijamani
21070100-002,21070100,002,2021,Jul,01,0730,Maibam Dwijamani
21081700-002,21081700,002,2021,Aug,17,0730,Maibam Dwijamani
21110602-002,21110602,002,2021,Nov,06,1930,Maibam Dwijamani
21032300-002,21032300,002,2021,Mar,23,0730,Maibam Dwijamani
21032601-002,21032601,002,2021,Mar,26,1200,Maibam Dwijamani
20112200-002,20112200,002,2020,Nov,22,0730,Maibam Dwijamani
20122200-002,20122200,002,2020,Dec,22,0730,Maibam Dwijamani
21040602-002,21040602,002,2021,Apr,06,1930,Maibam Dwijamani
21011802-002,21011802,002,2021,Jan,18,1930,Maibam Dwijamani
21030102-002,21030102,002,2021,Mar,01,1930,Maibam Dwijamani
21080302-002,21080302,002,2021,Aug,03,1930,Maibam Dwijamani
20121102-002,20121102,002,2020,Dec,11,1930,Maibam Dwijamani
21080600-002,21080600,002,2021,Aug,06,0730,Maibam Dwijamani
21013000-002,21013000,002,2021,Jan,30,0730,Maibam Dwijamani
21071701-002,21071701,002,2021,Jul,17,1200,Maibam Dwijamani
21051500-003,21051500,003,2021,May,15,0730,Ngangbam Nganthoi
21011300-003,21011300,003,2021,Jan,13,0730,Ngangbam Nganthoi
21033000-003,21033000,003,2021,Mar,30,0730,Ngangbam Nganthoi
20120102-003,20120102,003,2020,Dec,01,1930,Ngangbam Nganthoi
21120802-003,21120802,003,2021,Dec,08,1930,Ngangbam Nganthoi
21071300-003,21071300,003,2021,Jul,13,0730,Ngangbam Nganthoi
21071002-003,21071002,003,2021,Jul,10,1930,Ngangbam Nganthoi
21011502-003,21011502,003,2021,Jan,15,1930,Ngangbam Nganthoi
21041000-003,21041000,003,2021,Apr,10,0730,Ngangbam Nganthoi
20122902-003,20122902,003,2020,Dec,29,1930,Ngangbam Nganthoi
21122801-003,21122801,003,2021,Dec,28,1200,Ngangbam Nganthoi
20122502-003,20122502,003,2020,Dec,25,1930,Ngangbam Nganthoi
21032702-003,21032702,003,2021,Mar,27,1930,Ngangbam Nganthoi
21121102-003,21121102,003,2021,Dec,11,1930,Ngangbam Nganthoi
21052101-003,21052101,003,2021,May,21,1200,Ngangbam Nganthoi
21042602-003,21042602,003,2021,Apr,26,1930,Ngangbam Nganthoi
20111100-003,20111100,003,2020,Nov,11,0730,Ngangbam Nganthoi
21092802-003,21092802,003,2021,Sep,28,1930,Ngangbam Nganthoi
21100702-003,21100702,003,2021,Oct,07,1930,Ngangbam Nganthoi
20112402-003,20112402,003,2020,Nov,24,1930,Ngangbam Nganthoi
21020402-003,21020402,003,2021,Feb,04,1930,Ngangbam Nganthoi
21083102-003,21083102,003,2021,Aug,31,1930,Ngangbam Nganthoi
21031000-003,21031000,003,2021,Mar,10,0730,Ngangbam Nganthoi
21070702-003,21070702,003,2021,Jul,07,1930,Ngangbam Nganthoi
21101802-003,21101802,003,2021,Oct,18,1930,Ngangbam Nganthoi
21041102-003,21041102,003,2021,Apr,11,1930,Ngangbam Nganthoi
20121000-003,20121000,003,2020,Dec,10,0730,Ngangbam Nganthoi
21122402-003,21122402,003,2021,Dec,24,1930,Ngangbam Nganthoi
21081902-003,21081902,003,2021,Aug,19,1930,Ngangbam Nganthoi
21032001-003,21032001,003,2021,Mar,20,1200,Ngangbam Nganthoi
21051702-003,21051702,003,2021,May,17,1930,Ngangbam Nganthoi
21090702-003,21090702,003,2021,Sep,07,1930,Ngangbam Nganthoi
21101402-003,21101402,003,2021,Oct,14,1930,Ngangbam Nganthoi
21110100-003,21110100,003,2021,Nov,01,0730,Ngangbam Nganthoi
21011002-003,21011002,003,2021,Jan,10,1930,Ngangbam Nganthoi
21121401-003,21121401,003,2021,Dec,14,1200,Ngangbam Nganthoi
21050702-003,21050702,003,2021,May,07,1930,Ngangbam Nganthoi
21090602-003,21090602,003,2021,Sep,06,1930,Ngangbam Nganthoi
21010502-003,21010502,003,2021,Jan,05,1930,Ngangbam Nganthoi
21081800-003,21081800,003,2021,Aug,18,0730,Ngangbam Nganthoi
21042302-003,21042302,003,2021,Apr,23,1930,Ngangbam Nganthoi
21070900-003,21070900,003,2021,Jul,09,0730,Ngangbam Nganthoi
20120802-003,20120802,003,2020,Dec,08,1930,Ngangbam Nganthoi
21010700-003,21010700,003,2021,Jan,07,0730,Ngangbam Nganthoi
20122102-003,20122102,003,2020,Dec,21,1930,Ngangbam Nganthoi
22010102-003,22010102,003,,Jan,01,1930,Ngangbam Nganthoi
21110101-003,21110101,003,2021,Nov,01,1200,Ngangbam Nganthoi
21081801-003,21081801,003,2021,Aug,18,1200,Ngangbam Nganthoi
21031400-003,21031400,003,2021,Mar,14,0730,Ngangbam Nganthoi
21100102-003,21100102,003,2021,Oct,01,1930,Ngangbam Nganthoi
21091702-003,21091702,003,2021,Sep,17,1930,Ngangbam Nganthoi
21091501-003,21091501,003,2021,Sep,15,1200,Ngangbam Nganthoi
21071301-003,21071301,003,2021,Jul,13,1200,Ngangbam Nganthoi
21082502-003,21082502,003,2021,Aug,25,1930,Ngangbam Nganthoi
21070202-003,21070202,003,2021,Jul,02,1930,Ngangbam Nganthoi
21070901-003,21070901,003,2021,Jul,09,1200,Ngangbam Nganthoi
21102801-003,21102801,003,2021,Oct,28,1200,Ngangbam Nganthoi
20111801-003,20111801,003,2020,Nov,18,1200,Ngangbam Nganthoi
21041700-003,21041700,003,2021,Apr,17,0730,Ngangbam Nganthoi
20122800-003,20122800,003,2020,Dec,28,0730,Ngangbam Nganthoi
20111402-003,20111402,003,2020,Nov,14,1930,Ngangbam Nganthoi
21052702-003,21052702,003,2021,May,27,1930,Ngangbam Nganthoi
21040102-003,21040102,003,2021,Apr,01,1930,Ngangbam Nganthoi
21050900-003,21050900,003,2021,May,09,0730,Ngangbam Nganthoi
21050200-003,21050200,003,2021,May,02,0730,Ngangbam Nganthoi
21050302-003,21050302,003,2021,May,03,1930,Ngangbam Nganthoi
21122800-003,21122800,003,2021,Dec,28,0730,Ngangbam Nganthoi
21040300-003,21040300,003,2021,Apr,03,0730,Ngangbam Nganthoi
21083002-003,21083002,003,2021,Aug,30,1930,Ngangbam Nganthoi
21091500-003,21091500,003,2021,Sep,15,0730,Ngangbam Nganthoi
21031502-003,21031502,003,2021,Mar,15,1930,Ngangbam Nganthoi
21121400-003,21121400,003,2021,Dec,14,0730,Ngangbam Nganthoi
21031102-003,21031102,003,2021,Mar,11,1930,Ngangbam Nganthoi
21090901-003,21090901,003,2021,Sep,09,1200,Ngangbam Nganthoi
21020202-003,21020202,003,2021,Feb,02,1930,Ngangbam Nganthoi
21101600-003,21101600,003,2021,Oct,16,0730,Ngangbam Nganthoi
21032802-003,21032802,003,2021,Mar,28,1930,Ngangbam Nganthoi
21040700-003,21040700,003,2021,Apr,07,0730,Ngangbam Nganthoi
21092102-003,21092102,003,2021,Sep,21,1930,Ngangbam Nganthoi
21052302-003,21052302,003,2021,May,23,1930,Ngangbam Nganthoi
21092402-003,21092402,003,2021,Sep,24,1930,Ngangbam Nganthoi
20120502-003,20120502,003,2020,Dec,05,1930,Ngangbam Nganthoi
21071902-003,21071902,003,2021,Jul,19,1930,Ngangbam Nganthoi
21070302-003,21070302,003,2021,Jul,03,1930,Ngangbam Nganthoi
21012500-003,21012500,003,2021,Jan,25,0730,Ngangbam Nganthoi
21082702-003,21082702,003,2021,Aug,27,1930,Ngangbam Nganthoi
20013002-003,20013002,003,2020,Jan,30,1930,Ngangbam Nganthoi
20120401-003,20120401,003,2020,Dec,04,1200,Ngangbam Nganthoi
21033102-003,21033102,003,2021,Mar,31,1930,Ngangbam Nganthoi
21010102-003,21010102,003,2021,Jan,01,1930,Ngangbam Nganthoi
21031902-003,21031902,003,2021,Mar,19,1930,Ngangbam Nganthoi
21012401-003,21012401,003,2021,Jan,24,1200,Ngangbam Nganthoi
21120400-003,21120400,003,2021,Dec,04,0730,Ngangbam Nganthoi
21090202-003,21090202,003,2021,Sep,02,1930,Ngangbam Nganthoi
20120600-003,20120600,003,2020,Dec,06,0730,Ngangbam Nganthoi
21102800-003,21102800,003,2021,Oct,28,0730,Ngangbam Nganthoi
21032202-003,21032202,003,2021,Mar,22,1930,Ngangbam Nganthoi
21050500-003,21050500,003,2021,May,05,0730,Ngangbam Nganthoi
21121702-003,21121702,003,2021,Dec,17,1930,Ngangbam Nganthoi
21090900-003,21090900,003,2021,Sep,09,0730,Ngangbam Nganthoi
21031201-003,21031201,003,2021,Mar,12,1200,Ngangbam Nganthoi
21082102-003,21082102,003,2021,Aug,21,1930,Ngangbam Nganthoi
21032502-003,21032502,003,2021,Mar,25,1930,Ngangbam Nganthoi
21042002-003,21042002,003,2021,Apr,20,1930,Ngangbam Nganthoi
20121502-003,20121502,003,2020,Dec,15,1930,Ngangbam Nganthoi
21051002-003,21051002,003,2021,May,10,1930,Ngangbam Nganthoi
21040802-003,21040802,003,2021,Apr,08,1930,Ngangbam Nganthoi
21081602-003,21081602,003,2021,Aug,16,1930,Ngangbam Nganthoi
21101601-003,21101601,003,2021,Oct,16,1200,Ngangbam Nganthoi
21100502-003,21100502,003,2021,Oct,05,1930,Ngangbam Nganthoi
21041402-003,21041402,003,2021,Apr,14,1930,Ngangbam Nganthoi
21100902-003,21100902,003,2021,Oct,09,1930,Ngangbam Nganthoi
21051801-003,21051801,003,2021,May,18,1200,Ngangbam Nganthoi
21120401-003,21120401,003,2021,Dec,04,1200,Ngangbam Nganthoi
21052002-003,21052002,003,2021,May,20,1930,Ngangbam Nganthoi
20111902-003,20111902,003,2020,Nov,19,1930,Ngangbam Nganthoi
21012102-003,21012102,003,2021,Jan,21,1930,Ngangbam Nganthoi
21090302-003,21090302,003,2021,Sep,03,1930,Ngangbam Nganthoi
21031702-004,21031702,004,2021,Mar,17,1930,Ngangom Kiran
21042600-004,21042600,004,2021,Apr,26,0730,Ngangom Kiran
21072500-004,21072500,004,2021,Jul,25,0730,Ngangom Kiran
21120902-004,21120902,004,2021,Dec,09,1930,Ngangom Kiran
21040202-004,21040202,004,2021,Apr,02,1930,Ngangom Kiran
21040600-004,21040600,004,2021,Apr,06,0730,Ngangom Kiran
21042702-004,21042702,004,2021,Apr,27,1930,Ngangom Kiran
21042102-004,21042102,004,2021,Apr,21,1930,Ngangom Kiran
21101702-004,21101702,004,2021,Oct,17,1930,Ngangom Kiran
21010200-004,21010200,004,2021,Jan,02,0730,Ngangom Kiran
21071202-004,21071202,004,2021,Jul,12,1930,Ngangom Kiran
20121100-004,20121100,004,2020,Dec,11,0730,Ngangom Kiran
20020300-004,20020300,004,2020,Feb,03,0730,Ngangom Kiran
21012702-004,21012702,004,2021,Jan,27,1930,Ngangom Kiran
21081802-004,21081802,004,2021,Aug,18,1930,Ngangom Kiran
21041400-004,21041400,004,2021,Apr,14,0730,Ngangom Kiran
21070200-004,21070200,004,2021,Jul,02,0730,Ngangom Kiran
21071602-004,21071602,004,2021,Jul,16,1930,Ngangom Kiran
21081201-004,21081201,004,2021,Aug,12,1200,Ngangom Kiran
21122302-004,21122302,004,2021,Dec,23,1930,Ngangom Kiran
21072002-004,21072002,004,2021,Jul,20,1930,Ngangom Kiran
21041002-004,21041002,004,2021,Apr,10,1930,Ngangom Kiran
21110702-004,21110702,004,2021,Nov,07,1930,Ngangom Kiran
21033100-004,21033100,004,2021,Mar,31,0730,Ngangom Kiran
21052000-004,21052000,004,2021,May,20,0730,Ngangom Kiran
20012900-004,20012900,004,2020,Jan,29,0730,Ngangom Kiran
21070201-004,21070201,004,2021,Jul,02,1200,Ngangom Kiran
21082202-004,21082202,004,2021,Aug,22,1930,Ngangom Kiran
21070402-004,21070402,004,2021,Jul,04,1930,Ngangom Kiran
21081600-004,21081600,004,2021,Aug,16,0730,Ngangom Kiran
21051400-004,21051400,004,2021,May,14,0730,Ngangom Kiran
21010302-004,21010302,004,2021,Jan,03,1930,Ngangom Kiran
21031900-004,21031900,004,2021,Mar,19,0730,Ngangom Kiran
21033002-004,21033002,004,2021,Mar,30,1930,Ngangom Kiran
21100302-004,21100302,004,2021,Oct,03,1930,Ngangom Kiran
21091902-004,21091902,004,2021,Sep,19,1930,Ngangom Kiran
21050700-004,21050700,004,2021,May,07,0730,Ngangom Kiran
20121300-004,20121300,004,2020,Dec,13,0730,Ngangom Kiran
21082902-004,21082902,004,2021,Aug,29,1930,Ngangom Kiran
20111700-004,20111700,004,2020,Nov,17,0730,Ngangom Kiran
20112102-004,20112102,004,2020,Nov,21,1930,Ngangom Kiran
20111602-004,20111602,004,2020,Nov,16,1930,Ngangom Kiran
21051502-004,21051502,004,2021,May,15,1930,Ngangom Kiran
21073001-004,21073001,004,2021,Jul,30,1200,Ngangom Kiran
21071802-004,21071802,004,2021,Jul,18,1930,Ngangom Kiran
21011200-004,21011200,004,2021,Jan,12,0730,Ngangom Kiran
21050502-004,21050502,004,2021,May,05,1930,Ngangom Kiran
21081200-004,21081200,004,2021,Aug,12,0730,Ngangom Kiran
21072501-004,21072501,004,2021,Jul,25,1200,Ngangom Kiran
21050300-004,21050300,004,2021,May,03,0730,Ngangom Kiran
21010902-004,21010902,004,2021,Jan,09,1930,Ngangom Kiran
21071501-004,21071501,004,2021,Jul,15,1200,Ngangom Kiran
21071500-004,21071500,004,2021,Jul,15,0730,Ngangom Kiran
21073000-004,21073000,004,2021,Jul,30,0730,Ngangom Kiran
21011900-004,21011900,004,2021,Jan,19,0730,Ngangom Kiran
20121202-004,20121202,004,2020,Dec,12,1930,Ngangom Kiran
20121902-004,20121902,004,2020,Dec,19,1930,Ngangom Kiran
20120402-004,20120402,004,2020,Dec,04,1930,Ngangom Kiran
21032400-004,21032400,004,2021,Mar,24,0730,Ngangom Kiran
21100802-004,21100802,004,2021,Oct,08,1930,Ngangom Kiran
21053002-004,21053002,004,2021,May,30,1930,Ngangom Kiran
21081000-004,21081000,004,2021,Aug,10,0730,Ngangom Kiran
21121402-004,21121402,004,2021,Dec,14,1930,Ngangom Kiran
21090600-005,21090600,005,2021,Sep,06,0730,Nayeni Devi
21122200-005,21122200,005,2021,Dec,22,0730,Nayeni Devi
20112601-005,20112601,005,2020,Nov,26,1200,Nayeni Devi
21082701-005,21082701,005,2021,Aug,27,1200,Nayeni Devi
21032201-005,21032201,005,2021,Mar,22,1200,Nayeni Devi
21051701-005,21051701,005,2021,May,17,1200,Nayeni Devi
21082500-005,21082500,005,2021,Aug,25,0730,Nayeni Devi
21040201-005,21040201,005,2021,Apr,02,1200,Nayeni Devi
21052801-005,21052801,005,2021,May,28,1200,Nayeni Devi
21102600-005,21102600,005,2021,Oct,26,0730,Nayeni Devi
21082700-005,21082700,005,2021,Aug,27,0730,Nayeni Devi
21033101-005,21033101,005,2021,Mar,31,1200,Nayeni Devi
21082300-005,21082300,005,2021,Aug,23,0730,Nayeni Devi
21031301-005,21031301,005,2021,Mar,13,1200,Nayeni Devi
20121701-005,20121701,005,2020,Dec,17,1200,Nayeni Devi
21052901-005,21052901,005,2021,May,29,1200,Nayeni Devi
20120400-005,20120400,005,2020,Dec,04,0730,Nayeni Devi
21050701-005,21050701,005,2021,May,07,1200,Nayeni Devi
21050301-005,21050301,005,2021,May,03,1200,Nayeni Devi
21122901-005,21122901,005,2021,Dec,29,1200,Nayeni Devi
21031100-005,21031100,005,2021,Mar,11,0730,Nayeni Devi
21101800-005,21101800,005,2021,Oct,18,0730,Nayeni Devi
20111000-005,20111000,005,2020,Nov,10,0730,Nayeni Devi
20110501-005,20110501,005,2020,Nov,05,1200,Nayeni Devi
21032801-005,21032801,005,2021,Mar,28,1200,Nayeni Devi
21101200-005,21101200,005,2021,Oct,12,0730,Nayeni Devi
21122501-005,21122501,005,2021,Dec,25,1200,Nayeni Devi
21052401-005,21052401,005,2021,May,24,1200,Nayeni Devi
21012601-005,21012601,005,2021,Jan,26,1200,Nayeni Devi
21050101-005,21050101,005,2021,May,01,1200,Nayeni Devi
21101000-005,21101000,005,2021,Oct,10,0730,Nayeni Devi
21052601-005,21052601,005,2021,May,26,1200,Nayeni Devi
21083100-005,21083100,005,2021,Aug,31,0730,Nayeni Devi
21121900-005,21121900,005,2021,Dec,19,0730,Nayeni Devi
21102501-005,21102501,005,2021,Oct,25,1200,Nayeni Devi
21082301-005,21082301,005,2021,Aug,23,1200,Nayeni Devi
21052200-005,21052200,005,2021,May,22,0730,Nayeni Devi
21110301-005,21110301,005,2021,Nov,03,1200,Nayeni Devi
21122201-005,21122201,005,2021,Dec,22,1200,Nayeni Devi
21121700-005,21121700,005,2021,Dec,17,0730,Nayeni Devi
21011301-005,21011301,005,2021,Jan,13,1200,Nayeni Devi
21052001-005,21052001,005,2021,May,20,1200,Nayeni Devi
21041701-005,21041701,005,2021,Apr,17,1200,Nayeni Devi
20110700-005,20110700,005,2020,Nov,07,0730,Nayeni Devi
21042801-005,21042801,005,2021,Apr,28,1200,Nayeni Devi
20111701-005,20111701,005,2020,Nov,17,1200,Nayeni Devi
21011601-005,21011601,005,2021,Jan,16,1200,Nayeni Devi
21101001-005,21101001,005,2021,Oct,10,1200,Nayeni Devi
21102200-005,21102200,005,2021,Oct,22,0730,Nayeni Devi
21032700-005,21032700,005,2021,Mar,27,0730,Nayeni Devi
21042101-005,21042101,005,2021,Apr,21,1200,Nayeni Devi
21040901-005,21040901,005,2021,Apr,09,1200,Nayeni Devi
21010101-005,21010101,005,2021,Jan,01,1200,Nayeni Devi
21031601-005,21031601,005,2021,Mar,16,1200,Nayeni Devi
21102601-005,21102601,005,2021,Oct,26,1200,Nayeni Devi
21051900-005,21051900,005,2021,May,19,0730,Nayeni Devi
21012400-005,21012400,005,2021,Jan,24,0730,Nayeni Devi
21101300-005,21101300,005,2021,Oct,13,0730,Nayeni Devi
21090601-005,21090601,005,2021,Sep,06,1200,Nayeni Devi
21040500-005,21040500,005,2021,Apr,05,0730,Nayeni Devi
20121900-005,20121900,005,2020,Dec,19,0730,Nayeni Devi
21041301-005,21041301,005,2021,Apr,13,1200,Nayeni Devi
21122400-005,21122400,005,2021,Dec,24,0730,Nayeni Devi
21100700-005,21100700,005,2021,Oct,07,0730,Nayeni Devi
21071200-005,21071200,005,2021,Jul,12,0730,Nayeni Devi
21041500-005,21041500,005,2021,Apr,15,0730,Nayeni Devi
22010601-005,22010601,005,,Jan,06,1200,Nayeni Devi
21010300-005,21010300,005,2021,Jan,03,0730,Nayeni Devi
21053000-005,21053000,005,2021,May,30,0730,Nayeni Devi
21011001-005,21011001,005,2021,Jan,10,1200,Nayeni Devi
21101801-005,21101801,005,2021,Oct,18,1200,Nayeni Devi
21032501-005,21032501,005,2021,Mar,25,1200,Nayeni Devi
21102201-005,21102201,005,2021,Oct,22,1200,Nayeni Devi
21102500-005,21102500,005,2021,Oct,25,0730,Nayeni Devi
21032901-005,21032901,005,2021,Mar,29,1200,Nayeni Devi
21013001-005,21013001,005,2021,Jan,30,1200,Nayeni Devi
20122600-005,20122600,005,2020,Dec,26,0730,Nayeni Devi
21092600-005,21092600,005,2021,Sep,26,0730,Nayeni Devi
21083101-005,21083101,005,2021,Aug,31,1200,Nayeni Devi
21031901-005,21031901,005,2021,Mar,19,1200,Nayeni Devi
21120700-005,21120700,005,2021,Dec,07,0730,Nayeni Devi
21082100-005,21082100,005,2021,Aug,21,0730,Nayeni Devi
20121201-005,20121201,005,2020,Dec,12,1200,Nayeni Devi
21053101-005,21053101,005,2021,May,31,1200,Nayeni Devi
21121901-005,21121901,005,2021,Dec,19,1200,Nayeni Devi
21120201-005,21120201,005,2021,Dec,02,1200,Nayeni Devi
21120200-005,21120200,005,2021,Dec,02,0730,Nayeni Devi
20120601-005,20120601,005,2020,Dec,06,1200,Nayeni Devi
21101901-005,21101901,005,2021,Oct,19,1200,Nayeni Devi
21082101-005,21082101,005,2021,Aug,21,1200,Nayeni Devi
21011800-005,21011800,005,2021,Jan,18,0730,Nayeni Devi
20120700-005,20120700,005,2020,Dec,07,0730,Nayeni Devi
21082501-005,21082501,005,2021,Aug,25,1200,Nayeni Devi
21101201-005,21101201,005,2021,Oct,12,1200,Nayeni Devi
21050901-005,21050901,005,2021,May,09,1200,Nayeni Devi
20122101-005,20122101,005,2020,Dec,21,1200,Nayeni Devi
21122900-005,21122900,005,2021,Dec,29,0730,Nayeni Devi
21122401-005,21122401,005,2021,Dec,24,1200,Nayeni Devi
21042200-005,21042200,005,2021,Apr,22,0730,Nayeni Devi
21122500-005,21122500,005,2021,Dec,25,0730,Nayeni Devi
21120701-005,21120701,005,2021,Dec,07,1200,Nayeni Devi
20111300-005,20111300,005,2020,Nov,13,0730,Nayeni Devi
20020201-005,20020201,005,2020,Feb,02,1200,Nayeni Devi
20120901-005,20120901,005,2020,Dec,09,1200,Nayeni Devi
21012101-005,21012101,005,2021,Jan,21,1200,Nayeni Devi
21012900-005,21012900,005,2021,Jan,29,0730,Nayeni Devi
21050501-005,21050501,005,2021,May,05,1200,Nayeni Devi
21010601-005,21010601,005,2021,Jan,06,1200,Nayeni Devi
20120201-005,20120201,005,2020,Dec,02,1200,Nayeni Devi
20123101-005,20123101,005,2020,Dec,31,1200,Nayeni Devi
21040401-005,21040401,005,2021,Apr,04,1200,Nayeni Devi
21040601-005,21040601,005,2021,Apr,06,1200,Nayeni Devi
21042500-005,21042500,005,2021,Apr,25,0730,Nayeni Devi
21010900-005,21010900,005,2021,Jan,09,0730,Nayeni Devi
21121701-005,21121701,005,2021,Dec,17,1200,Nayeni Devi
21030601-005,21030601,005,2021,Mar,06,1200,Nayeni Devi
21092601-005,21092601,005,2021,Sep,26,1200,Nayeni Devi
21101301-005,21101301,005,2021,Oct,13,1200,Nayeni Devi
21071800-005,21071800,005,2021,Jul,18,0730,Nayeni Devi
21101900-005,21101900,005,2021,Oct,19,0730,Nayeni Devi
21041702-006,21041702,006,2021,Apr,17,1930,Wahengbam Rajesh
20122900-006,20122900,006,2020,Dec,29,0730,Wahengbam Rajesh
21103102-006,21103102,006,2021,Oct,31,1930,Wahengbam Rajesh
20111102-006,20111102,006,2020,Nov,11,1930,Wahengbam Rajesh
21041900-006,21041900,006,2021,Apr,19,0730,Wahengbam Rajesh
20013100-006,20013100,006,2020,Jan,31,0730,Wahengbam Rajesh
21091601-006,21091601,006,2021,Sep,16,1200,Wahengbam Rajesh
21091600-006,21091600,006,2021,Sep,16,0730,Wahengbam Rajesh
21020500-006,21020500,006,2021,Feb,05,0730,Wahengbam Rajesh
21120702-006,21120702,006,2021,Dec,07,1930,Wahengbam Rajesh
21052202-006,21052202,006,2021,May,22,1930,Wahengbam Rajesh
21120301-006,21120301,006,2021,Dec,03,1200,Wahengbam Rajesh
20120302-006,20120302,006,2020,Dec,03,1930,Wahengbam Rajesh
21032100-006,21032100,006,2021,Mar,21,0730,Wahengbam Rajesh
21081101-006,21081101,006,2021,Aug,11,1200,Wahengbam Rajesh
21080201-006,21080201,006,2021,Aug,02,1200,Wahengbam Rajesh
20111600-006,20111600,006,2020,Nov,16,0730,Wahengbam Rajesh
20112802-006,20112802,006,2020,Nov,28,1930,Wahengbam Rajesh
21080200-006,21080200,006,2021,Aug,02,0730,Wahengbam Rajesh
21032002-006,21032002,006,2021,Mar,20,1930,Wahengbam Rajesh
21011500-006,21011500,006,2021,Jan,15,0730,Wahengbam Rajesh
20123002-006,20123002,006,2020,Dec,30,1930,Wahengbam Rajesh
21052100-006,21052100,006,2021,May,21,0730,Wahengbam Rajesh
21050800-006,21050800,006,2021,May,08,0730,Wahengbam Rajesh
20120500-006,20120500,006,2020,Dec,05,0730,Wahengbam Rajesh
20121602-006,20121602,006,2020,Dec,16,1930,Wahengbam Rajesh
20020900-006,20020900,006,2020,Feb,09,0730,Wahengbam Rajesh
20122001-006,20122001,006,2020,Dec,20,1200,Wahengbam Rajesh
21013002-006,21013002,006,2021,Jan,30,1930,Wahengbam Rajesh
21102102-006,21102102,006,2021,Oct,21,1930,Wahengbam Rajesh
21050902-006,21050902,006,2021,May,09,1930,Wahengbam Rajesh
21042802-006,21042802,006,2021,Apr,28,1930,Wahengbam Rajesh
21051200-006,21051200,006,2021,May,12,0730,Wahengbam Rajesh
21011602-006,21011602,006,2021,Jan,16,1930,Wahengbam Rajesh
20112100-006,20112100,006,2020,Nov,21,0730,Wahengbam Rajesh
20112401-006,20112401,006,2020,Nov,24,1200,Wahengbam Rajesh
21030702-006,21030702,006,2021,Mar,07,1930,Wahengbam Rajesh
21032900-006,21032900,006,2021,Mar,29,0730,Wahengbam Rajesh
20112700-006,20112700,006,2020,Nov,27,0730,Wahengbam Rajesh
21042300-006,21042300,006,2021,Apr,23,0730,Wahengbam Rajesh
21081402-006,21081402,006,2021,Aug,14,1930,Wahengbam Rajesh
21043000-006,21043000,006,2021,Apr,30,0730,Wahengbam Rajesh
21050102-006,21050102,006,2021,May,01,1930,Wahengbam Rajesh
21040400-006,21040400,006,2021,Apr,04,0730,Wahengbam Rajesh
21041202-006,21041202,006,2021,Apr,12,1930,Wahengbam Rajesh
21030902-007,21030902,007,2021,Mar,09,1930,Nolini Devi
21052102-007,21052102,007,2021,May,21,1930,Nolini Devi
21030602-007,21030602,007,2021,Mar,06,1930,Nolini Devi
21110202-007,21110202,007,2021,Nov,02,1930,Nolini Devi
21042502-007,21042502,007,2021,Apr,25,1930,Nolini Devi
21072600-007,21072600,007,2021,Jul,26,0730,Nolini Devi
21031001-007,21031001,007,2021,Mar,10,1200,Nolini Devi
21030402-007,21030402,007,2021,Mar,04,1930,Nolini Devi
21122702-007,21122702,007,2021,Dec,27,1930,Nolini Devi
21052902-007,21052902,007,2021,May,29,1930,Nolini Devi
21091602-007,21091602,007,2021,Sep,16,1930,Nolini Devi
21122102-007,21122102,007,2021,Dec,21,1930,Nolini Devi
21091802-007,21091802,007,2021,Sep,18,1930,Nolini Devi
21091502-007,21091502,007,2021,Sep,15,1930,Nolini Devi
21042800-007,21042800,007,2021,Apr,28,0730,Nolini Devi
21011901-007,21011901,007,2021,Jan,19,1200,Nolini Devi
21073102-007,21073102,007,2021,Jul,31,1930,Nolini Devi
21120601-007,21120601,007,2021,Dec,06,1200,Nolini Devi
21102900-007,21102900,007,2021,Oct,29,0730,Nolini Devi
20122402-007,20122402,007,2020,Dec,24,1930,Nolini Devi
21100500-007,21100500,007,2021,Oct,05,0730,Nolini Devi
21040100-007,21040100,007,2021,Apr,01,0730,Nolini Devi
21050202-007,21050202,007,2021,May,02,1930,Nolini Devi
21102901-007,21102901,007,2021,Oct,29,1200,Nolini Devi
20122702-007,20122702,007,2020,Dec,27,1930,Nolini Devi
21051402-007,21051402,007,2021,May,14,1930,Nolini Devi
21070500-007,21070500,007,2021,Jul,05,0730,Nolini Devi
21120600-007,21120600,007,2021,Dec,06,0730,Nolini Devi
20122301-007,20122301,007,2020,Dec,23,1200,Nolini Devi
21092902-007,21092902,007,2021,Sep,29,1930,Nolini Devi
21051600-007,21051600,007,2021,May,16,0730,Nolini Devi
21032200-007,21032200,007,2021,Mar,22,0730,Nolini Devi
21120901-007,21120901,007,2021,Dec,09,1200,Nolini Devi
21010202-007,21010202,007,2021,Jan,02,1930,Nolini Devi
21012402-007,21012402,007,2021,Jan,24,1930,Nolini Devi
21040702-007,21040702,007,2021,Apr,07,1930,Nolini Devi
21012100-007,21012100,007,2021,Jan,21,0730,Nolini Devi
21070501-007,21070501,007,2021,Jul,05,1200,Nolini Devi
20020200-007,20020200,007,2020,Feb,02,0730,Nolini Devi
21100402-007,21100402,007,2021,Oct,04,1930,Nolini Devi
21091002-007,21091002,007,2021,Sep,10,1930,Nolini Devi
21080402-007,21080402,007,2021,Aug,04,1930,Nolini Devi
21070602-007,21070602,007,2021,Jul,06,1930,Nolini Devi
21070301-007,21070301,007,2021,Jul,03,1200,Nolini Devi
21101102-007,21101102,007,2021,Oct,11,1930,Nolini Devi
21071801-007,21071801,007,2021,Jul,18,1200,Nolini Devi
21123000-007,21123000,007,2021,Dec,30,0730,Nolini Devi
21123001-007,21123001,007,2021,Dec,30,1200,Nolini Devi
21071402-007,21071402,007,2021,Jul,14,1930,Nolini Devi
21052802-007,21052802,007,2021,May,28,1930,Nolini Devi
21120900-007,21120900,007,2021,Dec,09,0730,Nolini Devi
21102301-007,21102301,007,2021,Oct,23,1200,Nolini Devi
21102502-007,21102502,007,2021,Oct,25,1930,Nolini Devi
21101502-007,21101502,007,2021,Oct,15,1930,Nolini Devi
21052700-007,21052700,007,2021,May,27,0730,Nolini Devi
21050602-007,21050602,007,2021,May,06,1930,Nolini Devi
21092202-007,21092202,007,2021,Sep,22,1930,Nolini Devi
21011702-007,21011702,007,2021,Jan,17,1930,Nolini Devi
21010802-007,21010802,007,2021,Jan,08,1930,Nolini Devi
21052301-007,21052301,007,2021,May,23,1200,Nolini Devi
21052602-007,21052602,007,2021,May,26,1930,Nolini Devi
20122901-007,20122901,007,2020,Dec,29,1200,Nolini Devi
21051802-007,21051802,007,2021,May,18,1930,Nolini Devi
21120502-007,21120502,007,2021,Dec,05,1930,Nolini Devi
21042902-007,21042902,007,2021,Apr,29,1930,Nolini Devi
21092502-007,21092502,007,2021,Sep,25,1930,Nolini Devi
20122202-007,20122202,007,2020,Dec,22,1930,Nolini Devi
21072200-007,21072200,007,2021,Jul,22,0730,Nolini Devi
20111502-007,20111502,007,2020,Nov,15,1930,Nolini Devi
21053100-007,21053100,007,2021,May,31,0730,Nolini Devi
21121501-007,21121501,007,2021,Dec,15,1200,Nolini Devi
21012600-007,21012600,007,2021,Jan,26,0730,Nolini Devi
21120302-007,21120302,007,2021,Dec,03,1930,Nolini Devi
21052500-007,21052500,007,2021,May,25,0730,Nolini Devi
21070300-007,21070300,007,2021,Jul,03,0730,Nolini Devi
21031200-007,21031200,007,2021,Mar,12,0730,Nolini Devi
21041200-007,21041200,007,2021,Apr,12,0730,Nolini Devi
21011202-007,21011202,007,2021,Jan,12,1930,Nolini Devi
21041502-007,21041502,007,2021,Apr,15,1930,Nolini Devi
21030800-007,21030800,007,2021,Mar,08,0730,Nolini Devi
21032102-007,21032102,007,2021,Mar,21,1930,Nolini Devi
21072402-007,21072402,007,2021,Jul,24,1930,Nolini Devi
20112000-007,20112000,007,2020,Nov,20,0730,Nolini Devi
21031802-007,21031802,007,2021,Mar,18,1930,Nolini Devi
21020302-007,21020302,007,2021,Feb,03,1930,Nolini Devi
21072902-007,21072902,007,2021,Jul,29,1930,Nolini Devi
21120402-007,21120402,007,2021,Dec,04,1930,Nolini Devi
20122002-007,20122002,007,2020,Dec,20,1930,Nolini Devi
20112500-007,20112500,007,2020,Nov,25,0730,Nolini Devi
21031701-007,21031701,007,2021,Mar,17,1200,Nolini Devi
21030302-007,21030302,007,2021,Mar,03,1930,Nolini Devi
20120101-007,20120101,007,2020,Dec,01,1200,Nolini Devi
21040402-007,21040402,007,2021,Apr,04,1930,Nolini Devi
21092700-007,21092700,007,2021,Sep,27,0730,Nolini Devi
21011600-007,21011600,007,2021,Jan,16,0730,Nolini Devi
21041800-007,21041800,007,2021,Apr,18,0730,Nolini Devi
21010702-007,21010702,007,2021,Jan,07,1930,Nolini Devi
21103002-007,21103002,007,2021,Oct,30,1930,Nolini Devi
21030802-007,21030802,007,2021,Mar,08,1930,Nolini Devi
21071201-007,21071201,007,2021,Jul,12,1200,Nolini Devi
21051102-007,21051102,007,2021,May,11,1930,Nolini Devi
20120202-007,20120202,007,2020,Dec,02,1930,Nolini Devi
21102300-007,21102300,007,2021,Oct,23,0730,Nolini Devi
21012802-007,21012802,007,2021,Jan,28,1930,Nolini Devi
20123100-007,20123100,007,2020,Dec,31,0730,Nolini Devi
21051001-007,21051001,007,2021,May,10,1200,Nolini Devi
21090902-007,21090902,007,2021,Sep,09,1930,Nolini Devi
21041902-007,21041902,007,2021,Apr,19,1930,Nolini Devi
21100501-007,21100501,007,2021,Oct,05,1200,Nolini Devi
21010602-007,21010602,007,2021,Jan,06,1930,Nolini Devi
21080602-007,21080602,007,2021,Aug,06,1930,Nolini Devi
21072702-007,21072702,007,2021,Jul,27,1930,Nolini Devi
21012202-007,21012202,007,2021,Jan,22,1930,Nolini Devi
21121500-007,21121500,007,2021,Dec,15,0730,Nolini Devi
21011402-007,21011402,007,2021,Jan,14,1930,Nolini Devi
20112302-007,20112302,007,2020,Nov,23,1930,Nolini Devi
20113000-007,20113000,007,2020,Nov,30,0730,Nolini Devi
21091302-007,21091302,007,2021,Sep,13,1930,Nolini Devi
21051901-007,21051901,007,2021,May,19,1200,Nolini Devi
21041302-007,21041302,007,2021,Apr,13,1930,Nolini Devi
21072102-007,21072102,007,2021,Jul,21,1930,Nolini Devi
21070102-007,21070102,007,2021,Jul,01,1930,Nolini Devi
21031202-007,21031202,007,2021,Mar,12,1930,Nolini Devi
21092100-008,21092100,008,2021,Sep,21,0730,Wahengbam Washington
21102202-008,21102202,008,2021,Oct,22,1930,Wahengbam Washington
21092101-008,21092101,008,2021,Sep,21,1200,Wahengbam Washington
21123002-008,21123002,008,2021,Dec,30,1930,Wahengbam Washington
21091001-008,21091001,008,2021,Sep,10,1200,Wahengbam Washington
21031300-008,21031300,008,2021,Mar,13,0730,Wahengbam Washington
21091700-008,21091700,008,2021,Sep,17,0730,Wahengbam Washington
21092401-008,21092401,008,2021,Sep,24,1200,Wahengbam Washington
21091701-008,21091701,008,2021,Sep,17,1200,Wahengbam Washington
21092801-008,21092801,008,2021,Sep,28,1200,Wahengbam Washington
21080801-008,21080801,008,2021,Aug,08,1200,Wahengbam Washington
21121602-008,21121602,008,2021,Dec,16,1930,Wahengbam Washington
21092400-008,21092400,008,2021,Sep,24,0730,Wahengbam Washington
21120202-008,21120202,008,2021,Dec,02,1930,Wahengbam Washington
21091401-008,21091401,008,2021,Sep,14,1200,Wahengbam Washington
21091900-008,21091900,008,2021,Sep,19,0730,Wahengbam Washington
21092800-008,21092800,008,2021,Sep,28,0730,Wahengbam Washington
21091901-008,21091901,008,2021,Sep,19,1200,Wahengbam Washington
21091000-008,21091000,008,2021,Sep,10,0730,Wahengbam Washington
21080800-008,21080800,008,2021,Aug,08,0730,Wahengbam Washington
21090301-009,21090301,009,2021,Sep,03,1200,Kshetrimayum Chitrabhanu
21083000-009,21083000,009,2021,Aug,30,0730,Kshetrimayum Chitrabhanu
20120301-009,20120301,009,2020,Dec,03,1200,Kshetrimayum Chitrabhanu
21091101-009,21091101,009,2021,Sep,11,1200,Kshetrimayum Chitrabhanu
21122601-009,21122601,009,2021,Dec,26,1200,Kshetrimayum Chitrabhanu
21120501-009,21120501,009,2021,Dec,05,1200,Kshetrimayum Chitrabhanu
20111601-009,20111601,009,2020,Nov,16,1200,Kshetrimayum Chitrabhanu
21101701-009,21101701,009,2021,Oct,17,1200,Kshetrimayum Chitrabhanu
21121101-009,21121101,009,2021,Dec,11,1200,Kshetrimayum Chitrabhanu
21082000-009,21082000,009,2021,Aug,20,0730,Kshetrimayum Chitrabhanu
21102602-009,21102602,009,2021,Oct,26,1930,Kshetrimayum Chitrabhanu
20111800-009,20111800,009,2020,Nov,18,0730,Kshetrimayum Chitrabhanu
21082401-009,21082401,009,2021,Aug,24,1200,Kshetrimayum Chitrabhanu
21090800-009,21090800,009,2021,Sep,08,0730,Kshetrimayum Chitrabhanu
21082001-009,21082001,009,2021,Aug,20,1200,Kshetrimayum Chitrabhanu
21010600-009,21010600,009,2021,Jan,06,0730,Kshetrimayum Chitrabhanu
21103100-009,21103100,009,2021,Oct,31,0730,Kshetrimayum Chitrabhanu
21101002-009,21101002,009,2021,Oct,10,1930,Kshetrimayum Chitrabhanu
21082400-009,21082400,009,2021,Aug,24,0730,Kshetrimayum Chitrabhanu
21092500-009,21092500,009,2021,Sep,25,0730,Kshetrimayum Chitrabhanu
21010201-009,21010201,009,2021,Jan,02,1200,Kshetrimayum Chitrabhanu
21102001-009,21102001,009,2021,Oct,20,1200,Kshetrimayum Chitrabhanu
21090500-009,21090500,009,2021,Sep,05,0730,Kshetrimayum Chitrabhanu
21100200-009,21100200,009,2021,Oct,02,0730,Kshetrimayum Chitrabhanu
21092300-009,21092300,009,2021,Sep,23,0730,Kshetrimayum Chitrabhanu
21100301-009,21100301,009,2021,Oct,03,1200,Kshetrimayum Chitrabhanu
21082901-009,21082901,009,2021,Aug,29,1200,Kshetrimayum Chitrabhanu
21092501-009,21092501,009,2021,Sep,25,1200,Kshetrimayum Chitrabhanu
21121201-009,21121201,009,2021,Dec,12,1200,Kshetrimayum Chitrabhanu
21110201-009,21110201,009,2021,Nov,02,1200,Kshetrimayum Chitrabhanu
21091100-009,21091100,009,2021,Sep,11,0730,Kshetrimayum Chitrabhanu
21090801-009,21090801,009,2021,Sep,08,1200,Kshetrimayum Chitrabhanu
21120500-009,21120500,009,2021,Dec,05,0730,Kshetrimayum Chitrabhanu
21090501-009,21090501,009,2021,Sep,05,1200,Kshetrimayum Chitrabhanu
21082800-009,21082800,009,2021,Aug,28,0730,Kshetrimayum Chitrabhanu
21121200-009,21121200,009,2021,Dec,12,0730,Kshetrimayum Chitrabhanu
21082200-009,21082200,009,2021,Aug,22,0730,Kshetrimayum Chitrabhanu
21010400-009,21010400,009,2021,Jan,04,0730,Kshetrimayum Chitrabhanu
21102400-009,21102400,009,2021,Oct,24,0730,Kshetrimayum Chitrabhanu
21100201-009,21100201,009,2021,Oct,02,1200,Kshetrimayum Chitrabhanu
21122502-009,21122502,009,2021,Dec,25,1930,Kshetrimayum Chitrabhanu
21121902-009,21121902,009,2021,Dec,19,1930,Kshetrimayum Chitrabhanu
21101700-009,21101700,009,2021,Oct,17,0730,Kshetrimayum Chitrabhanu
21010701-009,21010701,009,2021,Jan,07,1200,Kshetrimayum Chitrabhanu
21101501-009,21101501,009,2021,Oct,15,1200,Kshetrimayum Chitrabhanu
21122000-009,21122000,009,2021,Dec,20,0730,Kshetrimayum Chitrabhanu
21121100-009,21121100,009,2021,Dec,11,0730,Kshetrimayum Chitrabhanu
21121302-009,21121302,009,2021,Dec,13,1930,Kshetrimayum Chitrabhanu
21102000-009,21102000,009,2021,Oct,20,0730,Kshetrimayum Chitrabhanu
21083001-009,21083001,009,2021,Aug,30,1200,Kshetrimayum Chitrabhanu
21010100-009,21010100,009,2021,Jan,01,0730,Kshetrimayum Chitrabhanu
21082201-009,21082201,009,2021,Aug,22,1200,Kshetrimayum Chitrabhanu
21122600-009,21122600,009,2021,Dec,26,0730,Kshetrimayum Chitrabhanu
20110601-009,20110601,009,2020,Nov,06,1200,Kshetrimayum Chitrabhanu
20111200-009,20111200,009,2020,Nov,12,0730,Kshetrimayum Chitrabhanu
21110400-009,21110400,009,2021,Nov,04,0730,Kshetrimayum Chitrabhanu
20112901-009,20112901,009,2020,Nov,29,1200,Kshetrimayum Chitrabhanu
21100300-009,21100300,009,2021,Oct,03,0730,Kshetrimayum Chitrabhanu
21082600-009,21082600,009,2021,Aug,26,0730,Kshetrimayum Chitrabhanu
21090300-009,21090300,009,2021,Sep,03,0730,Kshetrimayum Chitrabhanu
21082801-009,21082801,009,2021,Aug,28,1200,Kshetrimayum Chitrabhanu
20120100-009,20120100,009,2020,Dec,01,0730,Kshetrimayum Chitrabhanu
21082601-009,21082601,009,2021,Aug,26,1200,Kshetrimayum Chitrabhanu
21101500-009,21101500,009,2021,Oct,15,0730,Kshetrimayum Chitrabhanu
21102401-009,21102401,009,2021,Oct,24,1200,Kshetrimayum Chitrabhanu
21121002-009,21121002,009,2021,Dec,10,1930,Kshetrimayum Chitrabhanu
21010301-011,21010301,011,2021,Jan,03,1200,Ningthoukhongjam Suni
20121700-011,20121700,011,2020,Dec,17,0730,Ningthoukhongjam Suni
21122002-011,21122002,011,2021,Dec,20,1930,Ningthoukhongjam Suni
21102101-011,21102101,011,2021,Oct,21,1200,Ningthoukhongjam Suni
21081500-011,21081500,011,2021,Aug,15,0730,Ningthoukhongjam Suni
21072001-011,21072001,011,2021,Jul,20,1200,Ningthoukhongjam Suni
20121601-011,20121601,011,2020,Dec,16,1200,Ningthoukhongjam Suni
21072302-011,21072302,011,2021,Jul,23,1930,Ningthoukhongjam Suni
21100401-011,21100401,011,2021,Oct,04,1200,Ningthoukhongjam Suni
21051201-011,21051201,011,2021,May,12,1200,Ningthoukhongjam Suni
21052201-011,21052201,011,2021,May,22,1200,Ningthoukhongjam Suni
21122202-011,21122202,011,2021,Dec,22,1930,Ningthoukhongjam Suni
20112400-011,20112400,011,2020,Nov,24,0730,Ningthoukhongjam Suni
20122300-011,20122300,011,2020,Dec,23,0730,Ningthoukhongjam Suni
20121101-011,20121101,011,2020,Dec,11,1200,Ningthoukhongjam Suni
21080802-011,21080802,011,2021,Aug,08,1930,Ningthoukhongjam Suni
21052800-011,21052800,011,2021,May,28,0730,Ningthoukhongjam Suni
20112600-011,20112600,011,2020,Nov,26,0730,Ningthoukhongjam Suni
21092001-011,21092001,011,2021,Sep,20,1200,Ningthoukhongjam Suni
21012501-011,21012501,011,2021,Jan,25,1200,Ningthoukhongjam Suni
21032701-011,21032701,011,2021,Mar,27,1200,Ningthoukhongjam Suni
20120900-011,20120900,011,2020,Dec,09,0730,Ningthoukhongjam Suni
21071000-011,21071000,011,2021,Jul,10,0730,Ningthoukhongjam Suni
21081501-011,21081501,011,2021,Aug,15,1200,Ningthoukhongjam Suni
21092602-011,21092602,011,2021,Sep,26,1930,Ningthoukhongjam Suni
21072802-011,21072802,011,2021,Jul,28,1930,Ningthoukhongjam Suni
21090101-011,21090101,011,2021,Sep,01,1200,Ningthoukhongjam Suni
20122500-011,20122500,011,2020,Dec,25,0730,Ningthoukhongjam Suni
21030200-011,21030200,011,2021,Mar,02,0730,Ningthoukhongjam Suni
20110901-011,20110901,011,2020,Nov,09,1200,Ningthoukhongjam Suni
21040501-011,21040501,011,2021,Apr,05,1200,Ningthoukhongjam Suni
21042400-011,21042400,011,2021,Apr,24,0730,Ningthoukhongjam Suni
21100801-011,21100801,011,2021,Oct,08,1200,Ningthoukhongjam Suni
20113001-011,20113001,011,2020,Nov,30,1200,Ningthoukhongjam Suni
20122700-011,20122700,011,2020,Dec,27,0730,Ningthoukhongjam Suni
21012300-011,21012300,011,2021,Jan,23,0730,Ningthoukhongjam Suni
21051601-011,21051601,011,2021,May,16,1200,Ningthoukhongjam Suni
21101400-011,21101400,011,2021,Oct,14,0730,Ningthoukhongjam Suni
21011100-011,21011100,011,2021,Jan,11,0730,Ningthoukhongjam Suni
21080701-011,21080701,011,2021,Aug,07,1200,Ningthoukhongjam Suni
21090100-011,21090100,011,2021,Sep,01,0730,Ningthoukhongjam Suni
21081401-011,21081401,011,2021,Aug,14,1200,Ningthoukhongjam Suni
21090400-011,21090400,011,2021,Sep,04,0730,Ningthoukhongjam Suni
20121301-011,20121301,011,2020,Dec,13,1200,Ningthoukhongjam Suni
20123000-011,20123000,011,2020,Dec,30,0730,Ningthoukhongjam Suni
21030701-011,21030701,011,2021,Mar,07,1200,Ningthoukhongjam Suni
21031101-011,21031101,011,2021,Mar,11,1200,Ningthoukhongjam Suni
21040101-011,21040101,011,2021,Apr,01,1200,Ningthoukhongjam Suni
21101401-011,21101401,011,2021,Oct,14,1200,Ningthoukhongjam Suni
21042301-011,21042301,011,2021,Apr,23,1200,Ningthoukhongjam Suni
21071100-011,21071100,011,2021,Jul,11,0730,Ningthoukhongjam Suni
21012000-011,21012000,011,2021,Jan,20,0730,Ningthoukhongjam Suni
21072401-011,21072401,011,2021,Jul,24,1200,Ningthoukhongjam Suni
21050100-011,21050100,011,2021,May,01,0730,Ningthoukhongjam Suni
21071600-011,21071600,011,2021,Jul,16,0730,Ningthoukhongjam Suni
21032000-011,21032000,011,2021,Mar,20,0730,Ningthoukhongjam Suni
21100901-011,21100901,011,2021,Oct,09,1200,Ningthoukhongjam Suni
21080100-011,21080100,011,2021,Aug,01,0730,Ningthoukhongjam Suni
21080901-011,21080901,011,2021,Aug,09,1200,Ningthoukhongjam Suni
21121601-011,21121601,011,2021,Dec,16,1200,Ningthoukhongjam Suni
21012700-011,21012700,011,2021,Jan,27,0730,Ningthoukhongjam Suni
21080300-011,21080300,011,2021,Aug,03,0730,Ningthoukhongjam Suni
21092000-011,21092000,011,2021,Sep,20,0730,Ningthoukhongjam Suni
21041901-011,21041901,011,2021,Apr,19,1200,Ningthoukhongjam Suni
21080301-011,21080301,011,2021,Aug,03,1200,Ningthoukhongjam Suni
21072701-011,21072701,011,2021,Jul,27,1200,Ningthoukhongjam Suni
21050201-011,21050201,011,2021,May,02,1200,Ningthoukhongjam Suni
20112501-011,20112501,011,2020,Nov,25,1200,Ningthoukhongjam Suni
21011501-011,21011501,011,2021,Jan,15,1200,Ningthoukhongjam Suni
21121301-011,21121301,011,2021,Dec,13,1200,Ningthoukhongjam Suni
21072400-011,21072400,011,2021,Jul,24,0730,Ningthoukhongjam Suni
21080500-011,21080500,011,2021,Aug,05,0730,Ningthoukhongjam Suni
21031401-011,21031401,011,2021,Mar,14,1200,Ningthoukhongjam Suni
21100601-011,21100601,011,2021,Oct,06,1200,Ningthoukhongjam Suni
21102802-011,21102802,011,2021,Oct,28,1930,Ningthoukhongjam Suni
21011701-011,21011701,011,2021,Jan,17,1200,Ningthoukhongjam Suni
21071601-011,21071601,011,2021,Jul,16,1200,Ningthoukhongjam Suni
21050801-011,21050801,011,2021,May,08,1200,Ningthoukhongjam Suni
21040301-011,21040301,011,2021,Apr,03,1200,Ningthoukhongjam Suni
21042100-011,21042100,011,2021,Apr,21,0730,Ningthoukhongjam Suni
21121202-011,21121202,011,2021,Dec,12,1930,Ningthoukhongjam Suni
21081400-011,21081400,011,2021,Aug,14,0730,Ningthoukhongjam Suni
21102100-011,21102100,011,2021,Oct,21,0730,Ningthoukhongjam Suni
21051501-011,21051501,011,2021,May,15,1200,Ningthoukhongjam Suni
21121600-011,21121600,011,2021,Dec,16,0730,Ningthoukhongjam Suni
21070600-011,21070600,011,2021,Jul,06,0730,Ningthoukhongjam Suni
21040502-011,21040502,011,2021,Apr,05,1930,Ningthoukhongjam Suni
20112201-011,20112201,011,2020,Nov,22,1200,Ningthoukhongjam Suni
21020600-011,21020600,011,2021,Feb,06,0730,Ningthoukhongjam Suni
21101302-011,21101302,011,2021,Oct,13,1930,Ningthoukhongjam Suni
21053001-011,21053001,011,2021,May,30,1200,Ningthoukhongjam Suni
20122401-011,20122401,011,2020,Dec,24,1200,Ningthoukhongjam Suni
21032401-011,21032401,011,2021,Mar,24,1200,Ningthoukhongjam Suni
20110401-011,20110401,011,2020,Nov,04,1200,Ningthoukhongjam Suni
20111901-011,20111901,011,2020,Nov,19,1200,Ningthoukhongjam Suni
20112001-011,20112001,011,2020,Nov,20,1200,Ningthoukhongjam Suni
21091201-011,21091201,011,2021,Sep,12,1200,Ningthoukhongjam Suni
21100600-011,21100600,011,2021,Oct,06,0730,Ningthoukhongjam Suni
21120800-011,21120800,011,2021,Dec,08,0730,Ningthoukhongjam Suni
21032600-011,21032600,011,2021,Mar,26,0730,Ningthoukhongjam Suni
21041600-011,21041600,011,2021,Apr,16,0730,Ningthoukhongjam Suni
21110500-011,21110500,011,2021,Nov,05,0730,Ningthoukhongjam Suni
21010800-011,21010800,011,2021,Jan,08,0730,Ningthoukhongjam Suni
21051700-011,21051700,011,2021,May,17,0730,Ningthoukhongjam Suni
21121001-011,21121001,011,2021,Dec,10,1200,Ningthoukhongjam Suni
21041300-011,21041300,011,2021,Apr,13,0730,Ningthoukhongjam Suni
21041101-011,21041101,011,2021,Apr,11,1200,Ningthoukhongjam Suni
21032800-011,21032800,011,2021,Mar,28,0730,Ningthoukhongjam Suni
21110200-011,21110200,011,2021,Nov,02,0730,Ningthoukhongjam Suni
21100900-011,21100900,011,2021,Oct,09,0730,Ningthoukhongjam Suni
21121300-011,21121300,011,2021,Dec,13,0730,Ningthoukhongjam Suni
21052400-011,21052400,011,2021,May,24,0730,Ningthoukhongjam Suni
21073100-011,21073100,011,2021,Jul,31,0730,Ningthoukhongjam Suni
21070601-011,21070601,011,2021,Jul,06,1200,Ningthoukhongjam Suni
21090700-011,21090700,011,2021,Sep,07,0730,Ningthoukhongjam Suni
20112301-011,20112301,011,2020,Nov,23,1200,Ningthoukhongjam Suni
21042700-011,21042700,011,2021,Apr,27,0730,Ningthoukhongjam Suni
21042601-011,21042601,011,2021,Apr,26,1200,Ningthoukhongjam Suni
21121800-011,21121800,011,2021,Dec,18,0730,Ningthoukhongjam Suni
21040701-011,21040701,011,2021,Apr,07,1200,Ningthoukhongjam Suni
20120801-011,20120801,011,2020,Dec,08,1200,Ningthoukhongjam Suni
21090701-011,21090701,011,2021,Sep,07,1200,Ningthoukhongjam Suni
21011400-011,21011400,011,2021,Jan,14,0730,Ningthoukhongjam Suni
21101602-011,21101602,011,2021,Oct,16,1930,Ningthoukhongjam Suni
21072000-011,21072000,011,2021,Jul,20,0730,Ningthoukhongjam Suni
21121801-011,21121801,011,2021,Dec,18,1200,Ningthoukhongjam Suni
21080900-011,21080900,011,2021,Aug,09,0730,Ningthoukhongjam Suni
21081300-011,21081300,011,2021,Aug,13,0730,Ningthoukhongjam Suni
21122101-011,21122101,011,2021,Dec,21,1200,Ningthoukhongjam Suni
21121000-011,21121000,011,2021,Dec,10,0730,Ningthoukhongjam Suni
21011201-011,21011201,011,2021,Jan,12,1200,Ningthoukhongjam Suni
21090401-011,21090401,011,2021,Sep,04,1200,Ningthoukhongjam Suni
21073101-011,21073101,011,2021,Jul,31,1200,Ningthoukhongjam Suni
21081301-011,21081301,011,2021,Aug,13,1200,Ningthoukhongjam Suni
21071101-011,21071101,011,2021,Jul,11,1200,Ningthoukhongjam Suni
21072700-011,21072700,011,2021,Jul,27,0730,Ningthoukhongjam Suni
21100400-011,21100400,011,2021,Oct,04,0730,Ningthoukhongjam Suni
21051000-011,21051000,011,2021,May,10,0730,Ningthoukhongjam Suni
21032101-011,21032101,011,2021,Mar,21,1200,Ningthoukhongjam Suni
21080700-011,21080700,011,2021,Aug,07,0730,Ningthoukhongjam Suni
21122100-011,21122100,011,2021,Dec,21,0730,Ningthoukhongjam Suni
21012901-011,21012901,011,2021,Jan,29,1200,Ningthoukhongjam Suni
21013100-011,21013100,011,2021,Jan,31,0730,Ningthoukhongjam Suni
20110701-011,20110701,011,2020,Nov,07,1200,Ningthoukhongjam Suni
21033001-011,21033001,011,2021,Mar,30,1200,Ningthoukhongjam Suni
21091200-011,21091200,011,2021,Sep,12,0730,Ningthoukhongjam Suni
21040800-011,21040800,011,2021,Apr,08,0730,Ningthoukhongjam Suni
21100800-011,21100800,011,2021,Oct,08,0730,Ningthoukhongjam Suni
20121400-011,20121400,011,2020,Dec,14,0730,Ningthoukhongjam Suni
21120801-011,21120801,011,2021,Dec,08,1200,Ningthoukhongjam Suni
21080501-011,21080501,011,2021,Aug,05,1200,Ningthoukhongjam Suni
21051300-011,21051300,011,2021,May,13,0730,Ningthoukhongjam Suni
21080101-011,21080101,011,2021,Aug,01,1200,Ningthoukhongjam Suni
21050601-011,21050601,011,2021,May,06,1200,Ningthoukhongjam Suni
21010901-011,21010901,011,2021,Jan,09,1200,Ningthoukhongjam Suni
21120100-013,21120100,013,2021,Dec,01,0730,Moirangthem Ibeyaibi
21042501-013,21042501,013,2021,Apr,25,1200,Moirangthem Ibeyaibi
20122801-013,20122801,013,2020,Dec,28,1200,Moirangthem Ibeyaibi
21120101-013,21120101,013,2021,Dec,01,1200,Moirangthem Ibeyaibi
21012701-013,21012701,013,2021,Jan,27,1200,Moirangthem Ibeyaibi
21041801-013,21041801,013,2021,Apr,18,1200,Moirangthem Ibeyaibi
21042001-013,21042001,013,2021,Apr,20,1200,Moirangthem Ibeyaibi
20122201-013,20122201,013,2020,Dec,22,1200,Moirangthem Ibeyaibi
21042901-013,21042901,013,2021,Apr,29,1200,Moirangthem Ibeyaibi
21030201-013,21030201,013,2021,Mar,02,1200,Moirangthem Ibeyaibi
21030301-013,21030301,013,2021,Mar,03,1200,Moirangthem Ibeyaibi
20121600-013,20121600,013,2020,Dec,16,0730,Moirangthem Ibeyaibi
21042401-013,21042401,013,2021,Apr,24,1200,Moirangthem Ibeyaibi
20121401-013,20121401,013,2020,Dec,14,1200,Moirangthem Ibeyaibi
21011101-013,21011101,013,2021,Jan,11,1200,Moirangthem Ibeyaibi
21041501-013,21041501,013,2021,Apr,15,1200,Moirangthem Ibeyaibi
21120300-013,21120300,013,2021,Dec,03,0730,Moirangthem Ibeyaibi
20121200-013,20121200,013,2020,Dec,12,0730,Moirangthem Ibeyaibi
20120300-013,20120300,013,2020,Dec,03,0730,Moirangthem Ibeyaibi
21030101-013,21030101,013,2021,Mar,01,1200,Moirangthem Ibeyaibi
21090201-013,21090201,013,2021,Sep,02,1200,Moirangthem Ibeyaibi
21090200-013,21090200,013,2021,Sep,02,0730,Moirangthem Ibeyaibi
21010801-013,21010801,013,2021,Jan,08,1200,Moirangthem Ibeyaibi
21013101-013,21013101,013,2021,Jan,31,1200,Moirangthem Ibeyaibi
21010401-013,21010401,013,2021,Jan,04,1200,Moirangthem Ibeyaibi
21041601-013,21041601,013,2021,Apr,16,1200,Moirangthem Ibeyaibi
20121001-013,20121001,013,2020,Dec,10,1200,Moirangthem Ibeyaibi
20122100-013,20122100,013,2020,Dec,21,0730,Moirangthem Ibeyaibi
20120501-013,20120501,013,2020,Dec,05,1200,Moirangthem Ibeyaibi
21012201-013,21012201,013,2021,Jan,22,1200,Moirangthem Ibeyaibi
21030501-013,21030501,013,2021,Mar,05,1200,Moirangthem Ibeyaibi
21012801-013,21012801,013,2021,Jan,28,1200,Moirangthem Ibeyaibi
21012001-013,21012001,013,2021,Jan,20,1200,Moirangthem Ibeyaibi
21042701-013,21042701,013,2021,Apr,27,1200,Moirangthem Ibeyaibi
20121501-013,20121501,013,2020,Dec,15,1200,Moirangthem Ibeyaibi
21042201-013,21042201,013,2021,Apr,22,1200,Moirangthem Ibeyaibi
20122701-013,20122701,013,2020,Dec,27,1200,Moirangthem Ibeyaibi
